
<lexelt item="art">
<sense id="art%1:06:00::" source="wn" gloss="the products of human creativity; works of art collectively"/>
<sense id="art%1:04:00::" source="wn" gloss="the creation of beautiful or significant things"/>
<sense id="art%1:09:00::" source="wn" gloss="a superior skill that you can learn by study and practice and observation"/>
<sense id="art_collection%1:14:00::" source="wn" gloss="a collection of art works"/>
<sense id="work_of_art%1:06:00::" source="wn" gloss="art that is a product of one of the fine arts (especially a painting or sculpture of artistic merit)"/>
<sense id="pop_art%1:06:00::" source="wn" gloss="a school of art that emerged in the United Kingdom in the 1950s and became prevalent in the United States and the United Kingdom in the 1960s; it imitated the techniques of commercial art (as the soup cans of Andy Warhol) and the styles of popular culture and the mass media"/>
<sense id="arts%1:09:00::" source="wn" gloss="studies intended to provide general knowledge and intellectual skills (rather than occupational or professional skills)"/>
<sense id="art_historian%1:18:00::" source="wn" gloss="a historian of art"/>
<sense id="martial_art%1:04:00::" source="wn" gloss="any of several Oriental arts of weaponless self-defense; usually practiced as a sport"/>
<sense id="art%1:10:00::" source="wn" gloss="photographs or other visual representations in a printed publication"/>
<sense id="art_critic%1:18:00::" source="wn" gloss="a critic of paintings"/>
<sense id="art_dealer%1:18:00::" source="wn" gloss="a dealer in works of art requiring esthetic evaluation"/>
<sense id="art_exhibition%1:14:00::" source="wn" gloss="an exhibition of art objects (paintings or statues)"/>
</lexelt>


<lexelt item="authority">
  <sense id="authority%1:07:00::" source="wn" gloss="the power or right to give orders or make decisions"/>
  <sense id="authority%1:14:00::" source="wn" gloss="an administrative unit of government"/>
  <sense id="authority%1:18:00::" source="wn" gloss="an expert whose views are taken as definitive"/>
  <sense id="authority%1:07:02::" source="wn" gloss="official permission or approval"/>
  <sense id="authority%1:18:01::" source="wn" gloss="persons who exercise (administrative) control over others"/>
  <sense id="authority%1:09:00::" source="wn" gloss="freedom from doubt; belief in yourself and your abilities"/>
  <sense id="supreme_authority%1:18:00::" source="wn" gloss="someone with the power to settle matters at will"/>
  <sense id="authority%1:10:00::" source="wn" gloss="an authoritative written work"/>  
  <sense id="good_authority%1:10:00::" source="wn" gloss="testimony by someone who should know"/>  
</lexelt>

<lexelt item="bar">
  <sense id="apricot_bar%1:13:00::" source="wn" gloss="fruit bar containing apricot jam"/>
  <sense id="axle_bar%1:06:00::" source="wn" gloss="an iron bar that serves as an axletree"/>
  <sense id="bar%1:06:00::" source="wn" gloss="a rigid piece of metal or wood; usually used as a fastening or obstruction or weapon"/>
  <sense id="bar%1:04:00::" source="wn" gloss="the act of preventing"/>
  <sense id="bar%1:06:01::" source="wn" gloss="a portable .30 caliber automatic rifle operated by gas pressure and fed by cartridges from a magazine; used by United States troops in World War I and in World War II and in the Korean War"/>
  <sense id="bar%1:06:02::" source="wn" gloss="an obstruction (usually metal) placed at the top of a goal"/>
  <sense id="bar%1:06:04::" source="wn" gloss="a room or establishment where alcoholic drinks are served over a counter"/>
  <sense id="bar%1:06:05::" source="wn" gloss="a counter where you can obtain food or drink"/>
  <sense id="bar%1:06:06::" source="wn" gloss="a block of solid substance (such as soap or wax)"/>
  <sense id="bar%1:07:00::" source="wn" gloss="a narrow marking of a different color or texture from the background"/>
  <sense id="bar%1:06:08::" source="wn" gloss="a heating element in an electric fire"/>
  <sense id="bar%1:10:00::" source="wn" gloss="musical notation for a repeating pattern of musical beats"/>
  <sense id="bar%1:14:00::" source="wn" gloss="the body of individuals qualified to practice law in a particular jurisdiction"/>
  <sense id="bar%1:17:00::" source="wn" gloss="a submerged (or partly submerged) ridge in a river or along a shore"/>
  <sense id="bar%1:23:00::" source="wn" gloss="(meteorology) a unit of pressure equal to a million dynes per square centimeter"/>
  <sense id="bar_absolute%1:23:00::" source="wn" gloss="the absolute unit of pressure equal to one dyne per square centimeter"/>
  <sense id="candy_bar%1:13:00::" source="wn" gloss="a candy shaped as a bar"/>
  <sense id="bar_code%1:10:00::" source="wn" gloss="code consisting of a series of vertical bars of variable width that are scanned by a laser; printed on consumer product packages to identify the item for a computer that provides the price and registers inventory information"/>
  <sense id="bar_graph%1:10:00::" source="wn" gloss="a chart with bars whose lengths are proportional to quantities"/>
  <sense id="chocolate_bar%1:13:00::" source="wn" gloss="a bar of chocolate candy"/>
  <sense id="coffee_bar%1:06:00::" source="wn" gloss="a small restaurant where drinks and snacks are sold"/>
  <sense id="bar_chart%1:10:00::" source="wn" gloss="a chart with bars whose lengths are proportional to quantities"/>  
</lexelt>  



<lexelt item="blind">
<sense id="blind%3:00:00::" source="wn" gloss="unable to see"/>
<sense id="blind%5:00:00:irrational:00" source="wn" gloss="not based on reason or evidence"/>
<sense id="blind%5:00:00:unperceptive:00" source="wn" gloss="unable or unwilling to perceive or understand"/>
</lexelt>  

<lexelt item="bum">
<sense id="bum%1:18:02::" source="wn" gloss="a person who is deemed to be despicable or contemptible"/>
<sense id="bum%1:18:03::" source="wn" gloss="person who does no work"/>
<sense id="bum%1:18:01::" source="wn" gloss="a vagrant"/>
<sense id="bum%1:08:00::" source="wn" gloss="the fleshy part of the human body that you sit on"/>
</lexelt>  

<lexelt item="call">
<sense id="call%2:31:05::" source="wn" gloss="consider or regard as being"/>
<sense id="call%2:41:00:" source="wn" gloss="pay a brief visit"/>
<sense id="call%2:32:05::" source="wn" gloss="order, request, or command to come"/>
<sense id="call%2:31:05::" source="wn" gloss="consider or regard as being"/>
<sense id="call_in%2:32:02::" source="wn" gloss="summon to a particular activity or employment"/>
<sense id="call%2:32:01::" source="wn" gloss="get or try to get into communication (with someone) by telephone"/>
<sense id="call%2:41:14::" source="wn" gloss="greet, as with a prescribed form, title, or name"/>
<sense id="call%2:31:13::" source="wn" gloss="utter in a loud voice or announce"/>
<sense id="call%2:32:04::" source="wn" gloss="send a message or attempt to reach someone by radio, phone, etc.; make a signal to in order to transmit a message"/>
<sense id="call_for%2:32:04::" source="wn" gloss="express the need or desire for"/>
<sense id="call_for%2:42:00::" source="wn" gloss="require as useful, just, or proper"/>
<sense id="call_attention%2:32:00::" source="wn" gloss="point out carefully and clearly"/>
</lexelt>  

<lexelt item="carry">
<sense id="carry%2:42:15::" source="wn" gloss="be conveyed over a certain distance"/>
<sense id="carry%2:35:12::" source="wn" gloss="propel or give impetus to"/>
<sense id="carry%2:41:00::" source="wn" gloss="extend to a certain degree"/>
<sense id="carry%2:32:02::" source="wn" gloss="serve as a means for expressing something"/>
<sense id="carry%2:42:12::" source="wn" gloss="have or possess something abstract"/>
<sense id="carry%2:42:13::" source="wn" gloss="have as an inherent or characteristic feature or have as a consequence"/>
<sense id="carry%2:38:03::" source="wn" gloss="transmit or serve as the medium for transmission"/>
<sense id="carry%2:36:00::" source="wn" gloss="nclude as the content; broadcast or publicize"/>
<sense id="carry%2:35:02::" source="wn" gloss="move while supporting, either in a vehicle or in one's hands or on one's body"/>
<sense id="carry_on%2:41:00::" source="wn" gloss="direct the course of; manage or control"/>
<sense id="carry_off%2:41:00::" source="wn" gloss="be successful; achieve a goal"/>
<sense id="carry_on%2:32:00::" source="wn" gloss="continue talking"/>
<sense id="carry_out%2:30:00::" source="wn" gloss="pursue to a conclusion or bring to a successful issue"/>
<sense id="carry_on%2:42:00::" source="wn" gloss="keep or maintain in unaltered condition; cause to remain or last"/>
<sense id="carry%2:32:07::" source="wn" gloss="pass on a communication"/>
<sense id="carry_away%2:35:00::" source="wn" gloss="remove from a certain place, environment, or mental or emotional state; transport into a new location or state"/>
<sense id="carry%2:42:01::" source="wn" gloss="have with oneself; have on one's person"/>
<sense id="carry_out%2:36:00::" source="wn" gloss="put in effect"/>
<sense id="carry%2:42:02::" source="wn" gloss="be necessarily associated with or result in or involve"/>
</lexelt>  

<lexelt item="chair">
<sense id="chair%1:06:00::" source="wn" gloss="a seat for one person, with a support for the back"/>
<sense id="chair%1:04:00::" source="wn" gloss="the position of professor"/>
<sense id="chair%1:18:00::" source="wn" gloss="the officer who presides at the meetings of an organization"/>
<sense id="musical_chairs%1:04:00::" source="wn" gloss="a child's game in which players march to music around a group of chairs that contains one chair less than the number of players; when the music abruptly stops the players scramble to sit and the player who does not find a chair is eliminated; then a chair is removed and the march resumes until only the winner is seated"/>
<sense id="feeding_chair%1:06:00::" source="wn" gloss="a chair for feeding a very young child; has four long legs and a footrest and a detachable tray"/>
</lexelt>  

<lexelt item="natural">
  <sense id="natural%5:00:00:normal:01" source="wn" gloss="functioning or occurring in a normal way; lacking abnormalities or deficiencies"/>
  <sense id="natural%5:00:00:unaffected:01" source="wn" gloss="free from artificiality"/>
  <sense id="natural_gas%1:27:00::" source="wn" gloss="a fossil fuel in the gaseous state; used for cooking and heating homes"/>
  <sense id="natural_selection%1:22:00::" source="wn" gloss="a natural process resulting in the evolution of organisms best adapted to the environment"/>
  <sense id="natural%3:00:01::" source="wn" gloss="in accordance with nature; relating to or concerning nature"/>
  <sense id="natural_resource%1:21:00::" source="wn" gloss="resources (actual and potential) supplied by nature"/>
  <sense id="natural_resources%1:21:00::" source="wn" gloss="resources (actual and potential) supplied by nature"/>
  <sense id="natural%3:00:02::" source="wn" gloss="existing in or produced by nature; not artificial or imitation"/>
  <sense id="natural%5:00:00:biological:00" source="wn" gloss="(of a parent or child) related by blood; genetically related"/>
  <sense id="natural%5:00:00:spontaneous:00" source="wn" gloss="unthinking; prompted by (or as if by) instinct"/>
  <sense id="natural%3:00:00:unprocessed:00" source="wn" gloss="used especially of commodities) being unprocessed or manufactured using only simple or minimal processes"/>
  <sense id="natural_history%1:09:00::" source="wn" gloss="tthe scientific study of plants or animals (more observational than experimental) usually published in popular magazines rather than in academic journals"/>
  <sense id="natural_process%1:22:00::" source="wn" gloss="a process existing in or produced by nature (rather than by the intent of human beings)"/>
  <sense id="natural_law%1:09:00::" source="wn" gloss="a rule or body of rules of conduct inherent in human nature and essential to or binding upon human society"/>
  <sense id="natural_philosophy%1:09:00::" source="wn" gloss="he science of matter and energy and their interactions"/>
  <sense id="natural_ability%1:09:00::" source="wn" gloss="ability that is inherited"/>  
</lexelt>



<lexelt item="vital">
  <sense id="vital%5:00:00:indispensable:00" source="wn" gloss="urgently needed; absolutely necessary"/>
  <sense id="vital%5:00:00:alive(p):01" source="wn" gloss="manifesting or characteristic of life"/>
  <sense id="vital%5:00:00:animated:00" source="wn" gloss="full of spirit; full of life"/>
  <sense id="vital%5:00:00:animated:00" source="wn" gloss="(biology) a hypothetical force (not physical or chemical) once thought by Henri Bergson to cause the evolution and development of organisms"/>
</lexelt>
  
<lexelt item="wander">
  <sense id="wander%2:38:00::" source="wn" gloss="move about aimlessly or without any destination, often in search of food or employment"/>
  <sense id="wander%2:38:01::" source="wn" gloss="to move or cause to move in a sinuous, spiral, or circular course"/>
  <sense id="wander%2:38:02::" source="wn" gloss="go via an indirect route or at no set pace"/>
  <sense id="wander%2:32:00::" source="wn" gloss="lose clarity or turn aside especially from the main subject of attention or course of argument in writing, thinking, or speaking"/>
  <sense id="wander%2:41:00::" source="wn" gloss="be sexually unfaithful to one's partner in marriage"/>
</lexelt>

<lexelt item="yew">
<sense id="yew%1:20:00::" source="wn" gloss="any of numerous evergreen trees or shrubs having red cup-shaped berries and flattened needlelike leaves"/>
<sense id="yew%1:20:02::" source="wn" gloss="wood of a yew; especially the durable fine-grained light brown or red wood of the English yew valued for cabinetwork and archery bows"/>
<sense id="western_yew%1:20:00::" source="wn" gloss="small or medium irregularly branched tree of the Pacific coast of North America; yields fine hard close-grained wood"/>
</lexelt>  

<lexelt item="colorless">
<sense id="colorless%3:00:03::" source="wn" gloss="lacking in variety and interest"/>
<sense id="colorless%3:00:02::" source="wn" gloss="weak in color; not colorful"/>
</lexelt>

<lexelt item="cool">
<sense id="cool%5:00:00:fashionable:00" source="wn" gloss="fashionable and attractive at the time; often skilled or socially adept"/>
<sense id="cool%3:00:01::" source="wn" gloss="neither warm nor very cold; giving relief from heat"/>
<sense id="cool%5:00:00:composed:00" source="wn" gloss="marked by calm self-control (especially in trying circumstances); unemotional"/>
<sense id="cool%3:00:02::" source="wn" gloss="psychologically cool and unenthusiastic; unfriendly or unresponsive or showing dislike"/>
<sense id="cool%5:00:00:unqualified:02" source="wn" gloss="used of a quantity or amount (especially of money) for emphasis"/>
</lexelt>

<lexelt item="day">
    <sense id="day%1:28:04::" source="wn" gloss="the recurring hours when you are not sleeping (especially those when you are working"/>
    <sense id="day%1:28:00::" source="wn" gloss="time for Earth to make a complete rotation on its axis"/>
    <sense id="day%1:28:03::" source="wn" gloss="some point or period in time"/>
    <sense id="day%1:28:05::" source="wn" gloss="an era of existence or influence"/>
    <sense id="day%1:28:01::" source="wn" gloss="a day assigned to a particular purpose or observance"/>
    <sense id="the_good_old_days%1:28:00::" source="wn" gloss="past times remembered with nostalgia"/>
    <sense id="order_of_the_day%1:10:00::" source="wn" gloss="the order of business for an assembly on a given day"/>
    <sense id="early_days%1:28:00::" source="wn" gloss="an early period of development"/>
    <sense id="day_off%1:28:00::" source="wn" gloss="a day when you are not required to work"/>    
</lexelt>

<lexelt item="dyke">
    <sense id="dyke%1:06:00::" source="wn" gloss="a barrier constructed to contain the flow of water or to keep out the sea"/>
    <sense id="dyke%1:18:00::" source="wn" gloss="(slang) offensive term for a lesbian who is noticeably masculine"/>
</lexelt>

<lexelt item="drive">
    <sense id="drive%2:35:11::" source="wn" gloss="cause to move back by force or influence"/>
    <sense id="drive%2:38:02::" source="wn" gloss="cause someone or something to move by driving"/>
    <sense id="drive%2:36:00::" source="wn" gloss="compel somebody to do something, often against his own will or judgment"/>
    <sense id="drive%2:38:01::" source="wn" gloss="operate or control a vehicle"/>
    <sense id="drive%2:41:02::" source="wn" gloss="to compel or force or urge relentlessly or exert coercive pressure on, or motivate strongly"/>
    <sense id="drive%2:35:00::" source="wn" gloss="force into or from an action or state, either physically or metaphorically"/>
    <sense id="drive%2:41:13::" source="wn" gloss="work as a driver"/>
    <sense id="drive%2:35:07::" source="wn" gloss="push, propel, or press with force"/>
    <sense id="drive_back%2:33:00::" source="wn" gloss="force or drive back"/>
    <sense id="drive_out%2:38:01::" source="wn" gloss="force to go away; used both with concrete and metaphoric meanings"/>    
</lexelt>

<lexelt item="faithful">
<sense id="faithful%3:00:00::" source="wn" gloss="steadfast in affection or allegiance"/>
<sense id="faithful%3:00:01::" source="wn" gloss="not having sexual relations with anyone except your husband or wife, or your boyfriend or girlfriend"/>
<sense id="faithful%5:00:00:accurate:00" source="wn" gloss="marked by fidelity to an original"/>
</lexelt>

<lexelt item="fine">
<sense id="fine%5:00:00:elegant:00" source="wn" gloss="characterized by elegance or refinement or accomplishment"/>
<sense id="fine%5:00:00:pure:02" source="wn" gloss="free from impurities; having a high or specified degree of purity"/>
<sense id="fine%5:00:00:satisfactory:00" source="wn" gloss="being satisfactory or in satisfactory condition"/>
<sense id="fine%:00:00::" source="wn" gloss="of textures that are smooth to the touch or substances consisting of relatively small particles"/>
<sense id="fine%:00:00:thin:01" source="wn" gloss="thin in thickness or diameter"/>
<sense id="fine_art%1:06:00::" source="wn" gloss="the products of human creativity; works of art collectively"/>
<sense id="fine%5:00:00:precise:00" source="wn" gloss="minutely precise especially in differences in meaning"/>
<sense id="fine_print%1:10:00::" source="wn" gloss="material printed in small type"/>
</lexelt>

<lexelt item="fit">
<sense id="fit%3:00:02::" source="wn" gloss="meeting adequate standards for a purpose"/>
<sense id="fit%3:00:01::" source="wn" gloss="physically and mentally sound or healthy"/>
<sense id="fit%3:00:00:ready:00" source="wn" gloss="(usually followed by `to' or `for') on the point of or strongly disposed"/>
</lexelt>

<lexelt item="free">
<sense id="free%5:00:00:unpaid:00" source="wn" gloss="costing nothing"/>
<sense id="free%5:00:00:unfixed:00" source="wn" gloss="not fixed in position"/>
<sense id="free%3:00:00::" source="wn" gloss="not limited or hampered; not under compulsion or restraint"/>
<sense id="free_trader%1:18:00::" source="wn" gloss="an advocate of unrestricted international trade"/>
<sense id="free%5:00:01:unoccupied:00" source="wn" gloss="not taken up by scheduled activities"/>
<sense id="free_trade%1:04:00::" source="wn" gloss="international trade free of government interference"/>
<sense id="free%5:00:02:unoccupied:00" source="wn" gloss="not occupied or in use"/>
<sense id="free%3:00:01::" source="wn" gloss="not held in servitude"/>
<sense id="free%3:00:02::" source="wn" gloss="unconstrained or not chemically bound in a molecule or not fixed and capable of relatively unrestricted motion"/>
<sense id="free_will%1:07:00::" source="wn" gloss="the power of making free choices unconstrained by external agencies"/>
<sense id="free_rein%1:26:00::" source="wn" gloss="the removal of constraints"/>
</lexelt>


<lexelt item="facility">
    <sense id="facility%1:06:00::" source="wn" gloss="a building or place that provides a particular service or is used for a particular industry"/>
    <sense id="facility%1:04:00::" source="wn" gloss="a service that an organization or a piece of equipment offers you"/>
    <sense id="facility%1:04:01::" source="wn" gloss="something designed and created to serve a particular function and to afford a particular convenience or service"/>
    <sense id="health_facility%1:06:00::" source="wn" gloss="building where medicine is practiced"/>
    <sense id="docking_facility%1:06:00::" source="wn" gloss="landing in a harbor next to a pier where ships are loaded and unloaded or repaired; may have gates to let water in or out"/>
</lexelt>

<lexelt item="graceful">
<sense id="graceful%3:00:00::" source="wn" gloss="characterized by beauty of movement, style, form, or execution"/>
<sense id="graceful%5:00:00:gracious:00" source="wn" gloss="suggesting taste, ease, and wealth"/>
</lexelt>

<lexelt item="green">
<sense id="green%5:00:00:chromatic:00" source="wn" gloss="of the color between blue and yellow in the color spectrum; similar to the color of fresh grass"/>
<sense id="green%3:01:00::" source="wn" gloss="concerned with or supporting or in conformity with the political principles of the Green Party"/>
<sense id="green%5:00:00:ill:01" source="wn" gloss="looking pale and unhealthy"/>
<sense id="green_bean%1:13:00::" source="wn" gloss="immature bean pod eaten as a vegetable"/>
<sense id="green_bean%1:20:00::" source="wn" gloss="a common bean plant cultivated for its slender green edible pods"/>
<sense id="reen_woodpecker%1:05:00::" source="wn" gloss="woodpecker of Europe and western Asia"/>
<sense id="green_pepper%1:13:00::" source="wn" gloss="a sweet pepper that becomes red when ripe"/>
<sense id="yellowish_green%1:07:00::" source="wn" gloss="a shade of green tinged with yellow"/>
<sense id="green_light%1:10:00::" source="wn" gloss="a signal to proceed"/>
</lexelt>

<lexelt item="grip">
    <sense id="grip%1:19:00::" source="wn" gloss="the friction between a body and the surface on which it moves (as between an automobile tire and the road)"/>
    <sense id="grip%1:07:00::" source="wn" gloss="an intellectual hold or understanding"/>
    <sense id="grip%1:06:01::" source="wn" gloss="the appendage to an object that is designed to be held in order to use or move it"/>
    <sense id="grip%1:04:00::" source="wn" gloss="the act of grasping"/>
    <sense id="pistol_grip%1:06:00::" source="wn" gloss="a handle (as of a gun or saw) shaped like the butt of a pistol"/>
    <sense id="grip%1:18:00::" source="wn" gloss="worker who moves the camera around while a film or television show is being made"/>    
</lexelt>

<lexelt item="local">
<sense id="local%3:00:01::" source="wn" gloss="relating to or applicable to or concerned with the administration of a city or town or district rather than a larger area"/>
<sense id="local%3:01:01::" source="wn" gloss="of or belonging to or characteristic of a particular locality or neighborhood"/>
<sense id="local_government%1:14:00::" source="wn" gloss="the government of a local area"/>
</lexelt>

<lexelt item="oblique">
<sense id="oblique%3:00:00::" source="wn" gloss="slanting or inclined in direction or course or position--neither parallel nor perpendicular nor right-angled"/>
<sense id="oblique%5:00:00:indirect:02" source="wn" gloss="indirect in departing from the accepted or proper way; misleading"/>
</lexelt>



<lexelt item="solemn">
<sense id="solemn%5:00:00:serious:00" source="wn" gloss="dignified and somber in manner or character and committed to keeping promises"/>
<sense id="solemn%5:00:01:serious:00" source="wn" gloss="characterized by a firm and humorless belief in the validity of your opinions"/>
</lexelt>

<lexelt item="mouth">
<sense id="mouth%1:08:01::" source="wn" gloss="the opening through which food is taken in and vocalizations emerge"/>
<sense id="mouth%1:17:01::" source="wn" gloss="an opening that resembles a mouth (as of a cave or a gorge)"/>
<sense id="mouth%1:17:00::" source="wn" gloss="the point where a stream issues into a larger body of water"/>
<sense id="mouth%1:08:00::" source="wn" gloss="the externally visible part of the oral cavity on the face and the system of organs surrounding the opening"/>
<sense id="word_of_mouth%1:10:00::" source="wn" gloss="gossip spread by spoken communication"/>
<sense id="mouth%1:06:00::" source="wn" gloss="the opening of a jar or bottle"/>
<sense id="mouth%1:10:00::" source="wn" gloss="an impudent or insolent rejoinder"/>
<sense id="mouth%1:18:01::" source="wn" gloss="a spokesperson (as a lawyer)"/>
</lexelt>

<lexelt item="post">
<sense id="post%1:06:00::" source="wn" gloss="an upright consisting of a piece of timber or metal fixed firmly in an upright position"/>
<sense id="post%1:10:00::" source="wn" gloss="the system whereby messages are transmitted via the post office"/>
<sense id="post%1:14:00::" source="wn" gloss="any particular collection of letters or packages that is delivered"/>
<sense id="post%1:04:00::" source="wn" gloss="a job in an organization"/>
<sense id="post%1:06:01::" source="wn" gloss="military installation at which a body of troops is stationed"/>
<sense id="post_office%1:14:01::" source="wn" gloss="a local branch where postal services are available"/>
</lexelt>

<lexelt item="holiday">
<sense id="holiday%1:28:00::" source="wn" gloss="leisure time away from work devoted to rest or pleasure"/>
<sense id="holiday%1:28:01::" source="wn" gloss="a day on which work is suspended by law or custom"/>
<sense id="bank_holiday%1:28:00::" source="wn" gloss="any of several weekdays when banks are closed; a legal holiday in Britain"/>
</lexelt>

<lexelt item="spade">
<sense id="spade%1:06:00::" source="wn" gloss="a sturdy hand shovel that can be pushed into the earth with the foot"/>
<sense id="spade%1:06:01::" source="wn" gloss="a playing card in the major suit that has one or more black figures on it"/>
<sense id="ace_of_spades%1:06:00::" source="wn" gloss="the ace in the spade suit; sometimes taken as a portent of death"/>
</lexelt>

<lexelt item="channel">
<sense id="channel%1:17:00::" source="wn" gloss="a deep and relatively narrow body of water (as in a river or a harbor or a strait linking two larger bodies) that allows the best passage for vessels"/>
<sense id="channel%1:06:02::" source="wn" gloss="a television station and its programs"/>
<sense id="channel%1:06:00::" source="wn" gloss="a passage for water (or other fluids) to flow through"/>
<sense id="channel%1:25:00::" source="wn" gloss="a long narrow furrow cut either by a natural process (such as erosion) or by a tool (as e.g. a groove in a phonograph record)"/>
<sense id="channel%1:10:01::" source="wn" gloss="(often plural) a means of communication or access"/>
<sense id="channel%1:10:00::" source="wn" gloss="a path over which electrical signals can pass"/>
<sense id="channel%1:08:00::" source="wn" gloss="a bodily passage or tube lined with epithelial cells and conveying a secretion or other substance"/>
<sense id="television_channel%1:06:00::" source="wn" gloss="a television station and its programs"/>
</lexelt>

<lexelt item="detention">
    <sense id="detention%1:26:00::" source="wn" gloss="a state of being confined (usually for a short time)"/>
    <sense id="detention%1:04:00::" source="wn" gloss="a punishment in which a student must stay at school after others have gone home"/>
    <sense id="detention_centre%1:06:00::" source="wn" gloss="people awaiting trial or sentence or refugees or illegal immigrants) are confined together temporarily"/>
</lexelt>


<lexelt item="find">
    <sense id="find%2:40:02::" source="wn" gloss="come upon, as if by accident; meet with"/>
    <sense id="find%2:40:15::" source="wn" gloss="get or find back; recover the use of"/>
    <sense id="find%2:38:10::" source="wn" gloss="succeed in reaching; arrive at"/>
    <sense id="find%2:31:09::" source="wn" gloss="make a discovery"/>
    <sense id="find%2:32:01::" source="wn" gloss="decide on and make a declaration about"/>
    <sense id="find%2:40:00::" source="wn" gloss="come upon after searching; find the location of something that was missed or lost"/>
    <sense id="find%2:31:10::" source="wn" gloss="come to believe on the basis of emotion, intuitions, or indefinite grounds"/>
    <sense id="find%2:39:01::" source="wn" gloss="perceive or be contemporaneous with"/>
    <sense id="find%2:40:01::" source="wn" gloss="get something or somebody for a specific purpose"/>
    <sense id="find%2:40:03::" source="wn" gloss="obtain through effort or management"/>
    <sense id="find%2:39:02::" source="wn" gloss="discover or determine the existence, presence, or fact of"/>
    <sense id="find_out%2:31:00::" source="wn" gloss="get to know or become aware of, usually accidentally"/>
    <sense id="find_out%2:32:01::" source="wn" gloss="find out, learn, or determine with certainty, usually by making an inquiry or other effort"/>
</lexelt>

<lexelt item="hearth">
    <sense id="hearth%1:15:00::" source="wn" gloss="(an area near a fireplace (usually paved and extending out into a room)"/>
    <sense id="hearth%1:06:01::" source="wn" gloss="an open recess in a wall at the base of a chimney where a fire can be built"/>
    <sense id="hearth%1:06:00::" source="wn" gloss="home symbolized as a part of the fireplace"/>    
</lexelt>

<lexelt item="nation">
    <sense id="nation%1:14:00::" source="wn" gloss="a politically organized body of people under a single government"/>
    <sense id="nation%1:14:01::" source="wn" gloss="the people who live in a nation or country"/>
    <sense id="balkan_nation%1:15:00::" source="wn" gloss="any one of the countries on the Balkan Peninsula"/>    
</lexelt>

<lexelt item="material">
    <sense id="material%1:10:00::" source="wn" gloss="information (data or ideas or observations) that can be used or reworked into a finished form"/>
    <sense id="material%1:27:00::" source="wn" gloss="the tangible substance that goes into the makeup of a physical object"/>
    <sense id="raw_material%1:27:00::" source="wn" gloss="material suitable for manufacture or use or finishing"/>
    <sense id="material%1:06:00::" source="wn" gloss="artifact made by weaving or felting or knitting or crocheting natural or synthetic fibers"/>
    <sense id="material%1:06:01::" source="wn" gloss="things needed for doing or making something"/>
    <sense id="building_material%1:27:00::" source="wn" gloss="material used for constructing buildings"/>
    <sense id="reading_material%1:10:00::" source="wn" gloss="written material intended to be read"/>
</lexelt>

<lexelt item="nature">
    <sense id="nature%1:07:02::" source="wn" gloss="the essential qualities or characteristics by which something is recognized"/>
    <sense id="nature%1:09:00::" source="wn" gloss="a particular type of thing"/>
    <sense id="nature%1:17:00::" source="wn" gloss="the natural physical world including plants and animals and landscapes etc."/>
    <sense id="nature%1:17:02::" source="wn" gloss="the essential qualities or characteristics by which something is recognized"/>
    <sense id="nature%1:18:00::" source="wn" gloss="a causal agent creating and controlling things in the universe"/>
    <sense id="nature%1:07:01::" source="wn" gloss="the complex of emotional and intellectual attributes that determine a person's characteristic actions and reactions"/>
    <sense id="law_of_nature%1:09:00::" source="wn" gloss="a generalization that describes recurring facts or events in nature"/>
</lexelt>

<lexelt item="circuit">
<sense id="circuit%1:04:00::" source="wn" gloss="a journey or route all the way around a particular place or area"/>
<sense id="circuit%1:06:00::" source="wn" gloss="an electrical device that provides a path for electrical current to flow"/>
<sense id="circuit%1:06:00::" source="wn" gloss="a racetrack for automobile races"/>
<sense id="circuit%1:15:00::" source="wn" gloss="an established itinerary of venues or events that a particular group of people travel to"/>
<sense id="circuit_breaker%1:06:00::" source="wn" gloss="a device that trips like a switch and opens the circuit when overloaded"/>
<sense id="short_circuit%1:06:00::" source="wn" gloss="accidental contact between two points in an electric circuit that have a potential difference"/>
<sense id="circuit_board%1:06:00:" source="wn" gloss="a printed circuit that can be inserted into expansion slots in a computer to increase the computer's capabilities"/>
<sense id="printed_circuit%1:06:00::" source="wn" gloss="computer circuit consisting of an electronic sub-assembly; copper conductors are laminated on an insulating board or card and circuit components are inserted into holes and dip soldered"/>
<sense id="circuit_board%1:06:00::" source="wn" gloss="a printed circuit that can be inserted into expansion slots in a computer to increase the computer's capabilities"/>
<sense id="computer_circuit%1:06:00::" source="wn" gloss="a circuit that is part of a computer"/>
<sense id="lap%1:04:01::" source="wn" gloss="movement once around a course"/>
<sense id="integrated_circuit%1:06:00::" source="wn" gloss="a microelectronic computer circuit incorporated into a chip or semiconductor; a whole system rather than a single component"/>
<sense id="closed_circuit%1:06:00::" source="wn" gloss="a complete electrical circuit around which current flows or a signal circulates"/>
<sense id="circuit_court_of_appeals%1:14:00::" source="wn" gloss="one of the twelve federal United States courts of appeals that cover a group of states known as a 'circuit'"/>
</lexelt>  